{"score": 0.8466173501442724, "init_score": 0.8466173501442724, "respond_ration": 1.0, "num_facts_per_response": 54.96}
